Date,Year,Month,MonthPeriod,MonthYear,Day,DayName
15-12-2019,2019,December,201912,Dec-19,15,Sunday
16-12-2019,2019,December,201912,Dec-19,16,Monday
17-12-2019,2019,December,201912,Dec-19,17,Tuesday
18-12-2019,2019,December,201912,Dec-19,18,Wednesday
19-12-2019,2019,December,201912,Dec-19,19,Thursday
20-12-2019,2019,December,201912,Dec-19,20,Friday
21-12-2019,2019,December,201912,Dec-19,21,Saturday
22-12-2019,2019,December,201912,Dec-19,22,Sunday
23-12-2019,2019,December,201912,Dec-19,23,Monday
24-12-2019,2019,December,201912,Dec-19,24,Tuesday
25-12-2019,2019,December,201912,Dec-19,25,Wednesday
26-12-2019,2019,December,201912,Dec-19,26,Thursday
27-12-2019,2019,December,201912,Dec-19,27,Friday
28-12-2019,2019,December,201912,Dec-19,28,Saturday
29-12-2019,2019,December,201912,Dec-19,29,Sunday
30-12-2019,2019,December,201912,Dec-19,30,Monday
31-12-2019,2019,December,201912,Dec-19,31,Tuesday
01-01-2020,2020,January,202001,Jan-20,1,Wednesday
02-01-2020,2020,January,202001,Jan-20,2,Thursday
03-01-2020,2020,January,202001,Jan-20,3,Friday
04-01-2020,2020,January,202001,Jan-20,4,Saturday
05-01-2020,2020,January,202001,Jan-20,5,Sunday
06-01-2020,2020,January,202001,Jan-20,6,Monday
07-01-2020,2020,January,202001,Jan-20,7,Tuesday
08-01-2020,2020,January,202001,Jan-20,8,Wednesday
09-01-2020,2020,January,202001,Jan-20,9,Thursday
10-01-2020,2020,January,202001,Jan-20,10,Friday
11-01-2020,2020,January,202001,Jan-20,11,Saturday
12-01-2020,2020,January,202001,Jan-20,12,Sunday
13-01-2020,2020,January,202001,Jan-20,13,Monday
14-01-2020,2020,January,202001,Jan-20,14,Tuesday
15-01-2020,2020,January,202001,Jan-20,15,Wednesday
16-01-2020,2020,January,202001,Jan-20,16,Thursday
17-01-2020,2020,January,202001,Jan-20,17,Friday
18-01-2020,2020,January,202001,Jan-20,18,Saturday
19-01-2020,2020,January,202001,Jan-20,19,Sunday
20-01-2020,2020,January,202001,Jan-20,20,Monday
21-01-2020,2020,January,202001,Jan-20,21,Tuesday
22-01-2020,2020,January,202001,Jan-20,22,Wednesday
23-01-2020,2020,January,202001,Jan-20,23,Thursday
24-01-2020,2020,January,202001,Jan-20,24,Friday
25-01-2020,2020,January,202001,Jan-20,25,Saturday
26-01-2020,2020,January,202001,Jan-20,26,Sunday
27-01-2020,2020,January,202001,Jan-20,27,Monday
28-01-2020,2020,January,202001,Jan-20,28,Tuesday
29-01-2020,2020,January,202001,Jan-20,29,Wednesday
30-01-2020,2020,January,202001,Jan-20,30,Thursday
31-01-2020,2020,January,202001,Jan-20,31,Friday
01-02-2020,2020,February,202002,Feb-20,1,Saturday
02-02-2020,2020,February,202002,Feb-20,2,Sunday
03-02-2020,2020,February,202002,Feb-20,3,Monday
04-02-2020,2020,February,202002,Feb-20,4,Tuesday
05-02-2020,2020,February,202002,Feb-20,5,Wednesday
06-02-2020,2020,February,202002,Feb-20,6,Thursday
07-02-2020,2020,February,202002,Feb-20,7,Friday
08-02-2020,2020,February,202002,Feb-20,8,Saturday
09-02-2020,2020,February,202002,Feb-20,9,Sunday
10-02-2020,2020,February,202002,Feb-20,10,Monday
11-02-2020,2020,February,202002,Feb-20,11,Tuesday
12-02-2020,2020,February,202002,Feb-20,12,Wednesday
13-02-2020,2020,February,202002,Feb-20,13,Thursday
14-02-2020,2020,February,202002,Feb-20,14,Friday
15-02-2020,2020,February,202002,Feb-20,15,Saturday
16-02-2020,2020,February,202002,Feb-20,16,Sunday
17-02-2020,2020,February,202002,Feb-20,17,Monday
18-02-2020,2020,February,202002,Feb-20,18,Tuesday
19-02-2020,2020,February,202002,Feb-20,19,Wednesday
20-02-2020,2020,February,202002,Feb-20,20,Thursday
21-02-2020,2020,February,202002,Feb-20,21,Friday
22-02-2020,2020,February,202002,Feb-20,22,Saturday
23-02-2020,2020,February,202002,Feb-20,23,Sunday
24-02-2020,2020,February,202002,Feb-20,24,Monday
25-02-2020,2020,February,202002,Feb-20,25,Tuesday
26-02-2020,2020,February,202002,Feb-20,26,Wednesday
27-02-2020,2020,February,202002,Feb-20,27,Thursday
28-02-2020,2020,February,202002,Feb-20,28,Friday
29-02-2020,2020,February,202002,Feb-20,29,Saturday
01-03-2020,2020,March,202003,Mar-20,1,Sunday
02-03-2020,2020,March,202003,Mar-20,2,Monday
03-03-2020,2020,March,202003,Mar-20,3,Tuesday
04-03-2020,2020,March,202003,Mar-20,4,Wednesday
05-03-2020,2020,March,202003,Mar-20,5,Thursday
06-03-2020,2020,March,202003,Mar-20,6,Friday
07-03-2020,2020,March,202003,Mar-20,7,Saturday
08-03-2020,2020,March,202003,Mar-20,8,Sunday
09-03-2020,2020,March,202003,Mar-20,9,Monday
10-03-2020,2020,March,202003,Mar-20,10,Tuesday
11-03-2020,2020,March,202003,Mar-20,11,Wednesday
12-03-2020,2020,March,202003,Mar-20,12,Thursday
13-03-2020,2020,March,202003,Mar-20,13,Friday
14-03-2020,2020,March,202003,Mar-20,14,Saturday
15-03-2020,2020,March,202003,Mar-20,15,Sunday
16-03-2020,2020,March,202003,Mar-20,16,Monday
17-03-2020,2020,March,202003,Mar-20,17,Tuesday
18-03-2020,2020,March,202003,Mar-20,18,Wednesday
19-03-2020,2020,March,202003,Mar-20,19,Thursday
20-03-2020,2020,March,202003,Mar-20,20,Friday
21-03-2020,2020,March,202003,Mar-20,21,Saturday
22-03-2020,2020,March,202003,Mar-20,22,Sunday
23-03-2020,2020,March,202003,Mar-20,23,Monday
24-03-2020,2020,March,202003,Mar-20,24,Tuesday
25-03-2020,2020,March,202003,Mar-20,25,Wednesday
26-03-2020,2020,March,202003,Mar-20,26,Thursday
27-03-2020,2020,March,202003,Mar-20,27,Friday
28-03-2020,2020,March,202003,Mar-20,28,Saturday
29-03-2020,2020,March,202003,Mar-20,29,Sunday
30-03-2020,2020,March,202003,Mar-20,30,Monday
31-03-2020,2020,March,202003,Mar-20,31,Tuesday
01-04-2020,2020,April,202004,Apr-20,1,Wednesday
02-04-2020,2020,April,202004,Apr-20,2,Thursday
03-04-2020,2020,April,202004,Apr-20,3,Friday
04-04-2020,2020,April,202004,Apr-20,4,Saturday
05-04-2020,2020,April,202004,Apr-20,5,Sunday
06-04-2020,2020,April,202004,Apr-20,6,Monday
07-04-2020,2020,April,202004,Apr-20,7,Tuesday
08-04-2020,2020,April,202004,Apr-20,8,Wednesday
09-04-2020,2020,April,202004,Apr-20,9,Thursday
10-04-2020,2020,April,202004,Apr-20,10,Friday
11-04-2020,2020,April,202004,Apr-20,11,Saturday
12-04-2020,2020,April,202004,Apr-20,12,Sunday
13-04-2020,2020,April,202004,Apr-20,13,Monday
14-04-2020,2020,April,202004,Apr-20,14,Tuesday
15-04-2020,2020,April,202004,Apr-20,15,Wednesday
16-04-2020,2020,April,202004,Apr-20,16,Thursday
17-04-2020,2020,April,202004,Apr-20,17,Friday
18-04-2020,2020,April,202004,Apr-20,18,Saturday
19-04-2020,2020,April,202004,Apr-20,19,Sunday
20-04-2020,2020,April,202004,Apr-20,20,Monday
21-04-2020,2020,April,202004,Apr-20,21,Tuesday
22-04-2020,2020,April,202004,Apr-20,22,Wednesday
23-04-2020,2020,April,202004,Apr-20,23,Thursday
24-04-2020,2020,April,202004,Apr-20,24,Friday
25-04-2020,2020,April,202004,Apr-20,25,Saturday
26-04-2020,2020,April,202004,Apr-20,26,Sunday
27-04-2020,2020,April,202004,Apr-20,27,Monday
28-04-2020,2020,April,202004,Apr-20,28,Tuesday
29-04-2020,2020,April,202004,Apr-20,29,Wednesday
30-04-2020,2020,April,202004,Apr-20,30,Thursday
01-05-2020,2020,May,202005,May-20,1,Friday
02-05-2020,2020,May,202005,May-20,2,Saturday
03-05-2020,2020,May,202005,May-20,3,Sunday
04-05-2020,2020,May,202005,May-20,4,Monday
05-05-2020,2020,May,202005,May-20,5,Tuesday
06-05-2020,2020,May,202005,May-20,6,Wednesday
07-05-2020,2020,May,202005,May-20,7,Thursday
08-05-2020,2020,May,202005,May-20,8,Friday
09-05-2020,2020,May,202005,May-20,9,Saturday
10-05-2020,2020,May,202005,May-20,10,Sunday
11-05-2020,2020,May,202005,May-20,11,Monday
12-05-2020,2020,May,202005,May-20,12,Tuesday
13-05-2020,2020,May,202005,May-20,13,Wednesday
14-05-2020,2020,May,202005,May-20,14,Thursday
15-05-2020,2020,May,202005,May-20,15,Friday
16-05-2020,2020,May,202005,May-20,16,Saturday
17-05-2020,2020,May,202005,May-20,17,Sunday
18-05-2020,2020,May,202005,May-20,18,Monday
19-05-2020,2020,May,202005,May-20,19,Tuesday
20-05-2020,2020,May,202005,May-20,20,Wednesday
21-05-2020,2020,May,202005,May-20,21,Thursday
22-05-2020,2020,May,202005,May-20,22,Friday
23-05-2020,2020,May,202005,May-20,23,Saturday
24-05-2020,2020,May,202005,May-20,24,Sunday
25-05-2020,2020,May,202005,May-20,25,Monday
26-05-2020,2020,May,202005,May-20,26,Tuesday
27-05-2020,2020,May,202005,May-20,27,Wednesday
28-05-2020,2020,May,202005,May-20,28,Thursday
29-05-2020,2020,May,202005,May-20,29,Friday
30-05-2020,2020,May,202005,May-20,30,Saturday
31-05-2020,2020,May,202005,May-20,31,Sunday
01-06-2020,2020,June,202006,Jun-20,1,Monday
02-06-2020,2020,June,202006,Jun-20,2,Tuesday
03-06-2020,2020,June,202006,Jun-20,3,Wednesday
04-06-2020,2020,June,202006,Jun-20,4,Thursday
05-06-2020,2020,June,202006,Jun-20,5,Friday
06-06-2020,2020,June,202006,Jun-20,6,Saturday
07-06-2020,2020,June,202006,Jun-20,7,Sunday
08-06-2020,2020,June,202006,Jun-20,8,Monday
09-06-2020,2020,June,202006,Jun-20,9,Tuesday
10-06-2020,2020,June,202006,Jun-20,10,Wednesday
11-06-2020,2020,June,202006,Jun-20,11,Thursday
12-06-2020,2020,June,202006,Jun-20,12,Friday
13-06-2020,2020,June,202006,Jun-20,13,Saturday
14-06-2020,2020,June,202006,Jun-20,14,Sunday
15-06-2020,2020,June,202006,Jun-20,15,Monday
16-06-2020,2020,June,202006,Jun-20,16,Tuesday
17-06-2020,2020,June,202006,Jun-20,17,Wednesday
18-06-2020,2020,June,202006,Jun-20,18,Thursday
19-06-2020,2020,June,202006,Jun-20,19,Friday
20-06-2020,2020,June,202006,Jun-20,20,Saturday
21-06-2020,2020,June,202006,Jun-20,21,Sunday
22-06-2020,2020,June,202006,Jun-20,22,Monday
23-06-2020,2020,June,202006,Jun-20,23,Tuesday
24-06-2020,2020,June,202006,Jun-20,24,Wednesday
25-06-2020,2020,June,202006,Jun-20,25,Thursday
26-06-2020,2020,June,202006,Jun-20,26,Friday
27-06-2020,2020,June,202006,Jun-20,27,Saturday
28-06-2020,2020,June,202006,Jun-20,28,Sunday
29-06-2020,2020,June,202006,Jun-20,29,Monday
30-06-2020,2020,June,202006,Jun-20,30,Tuesday
01-07-2020,2020,July,202007,Jul-20,1,Wednesday
02-07-2020,2020,July,202007,Jul-20,2,Thursday
03-07-2020,2020,July,202007,Jul-20,3,Friday
04-07-2020,2020,July,202007,Jul-20,4,Saturday
05-07-2020,2020,July,202007,Jul-20,5,Sunday
06-07-2020,2020,July,202007,Jul-20,6,Monday
07-07-2020,2020,July,202007,Jul-20,7,Tuesday
08-07-2020,2020,July,202007,Jul-20,8,Wednesday
09-07-2020,2020,July,202007,Jul-20,9,Thursday
10-07-2020,2020,July,202007,Jul-20,10,Friday
11-07-2020,2020,July,202007,Jul-20,11,Saturday
12-07-2020,2020,July,202007,Jul-20,12,Sunday
13-07-2020,2020,July,202007,Jul-20,13,Monday
14-07-2020,2020,July,202007,Jul-20,14,Tuesday
15-07-2020,2020,July,202007,Jul-20,15,Wednesday
16-07-2020,2020,July,202007,Jul-20,16,Thursday
17-07-2020,2020,July,202007,Jul-20,17,Friday
18-07-2020,2020,July,202007,Jul-20,18,Saturday
19-07-2020,2020,July,202007,Jul-20,19,Sunday
20-07-2020,2020,July,202007,Jul-20,20,Monday
21-07-2020,2020,July,202007,Jul-20,21,Tuesday
22-07-2020,2020,July,202007,Jul-20,22,Wednesday
23-07-2020,2020,July,202007,Jul-20,23,Thursday
24-07-2020,2020,July,202007,Jul-20,24,Friday
25-07-2020,2020,July,202007,Jul-20,25,Saturday
26-07-2020,2020,July,202007,Jul-20,26,Sunday
27-07-2020,2020,July,202007,Jul-20,27,Monday
28-07-2020,2020,July,202007,Jul-20,28,Tuesday
29-07-2020,2020,July,202007,Jul-20,29,Wednesday
30-07-2020,2020,July,202007,Jul-20,30,Thursday
31-07-2020,2020,July,202007,Jul-20,31,Friday
01-08-2020,2020,August,202008,Aug-20,1,Saturday
02-08-2020,2020,August,202008,Aug-20,2,Sunday
03-08-2020,2020,August,202008,Aug-20,3,Monday
04-08-2020,2020,August,202008,Aug-20,4,Tuesday
05-08-2020,2020,August,202008,Aug-20,5,Wednesday
06-08-2020,2020,August,202008,Aug-20,6,Thursday
07-08-2020,2020,August,202008,Aug-20,7,Friday
08-08-2020,2020,August,202008,Aug-20,8,Saturday
09-08-2020,2020,August,202008,Aug-20,9,Sunday
10-08-2020,2020,August,202008,Aug-20,10,Monday
11-08-2020,2020,August,202008,Aug-20,11,Tuesday
12-08-2020,2020,August,202008,Aug-20,12,Wednesday
13-08-2020,2020,August,202008,Aug-20,13,Thursday
14-08-2020,2020,August,202008,Aug-20,14,Friday
15-08-2020,2020,August,202008,Aug-20,15,Saturday
16-08-2020,2020,August,202008,Aug-20,16,Sunday
17-08-2020,2020,August,202008,Aug-20,17,Monday
18-08-2020,2020,August,202008,Aug-20,18,Tuesday
19-08-2020,2020,August,202008,Aug-20,19,Wednesday
20-08-2020,2020,August,202008,Aug-20,20,Thursday
21-08-2020,2020,August,202008,Aug-20,21,Friday
22-08-2020,2020,August,202008,Aug-20,22,Saturday
23-08-2020,2020,August,202008,Aug-20,23,Sunday
24-08-2020,2020,August,202008,Aug-20,24,Monday
25-08-2020,2020,August,202008,Aug-20,25,Tuesday
26-08-2020,2020,August,202008,Aug-20,26,Wednesday
27-08-2020,2020,August,202008,Aug-20,27,Thursday
28-08-2020,2020,August,202008,Aug-20,28,Friday
29-08-2020,2020,August,202008,Aug-20,29,Saturday
30-08-2020,2020,August,202008,Aug-20,30,Sunday
31-08-2020,2020,August,202008,Aug-20,31,Monday
01-09-2020,2020,September,202009,Sep-20,1,Tuesday
02-09-2020,2020,September,202009,Sep-20,2,Wednesday
03-09-2020,2020,September,202009,Sep-20,3,Thursday
04-09-2020,2020,September,202009,Sep-20,4,Friday
05-09-2020,2020,September,202009,Sep-20,5,Saturday
06-09-2020,2020,September,202009,Sep-20,6,Sunday
07-09-2020,2020,September,202009,Sep-20,7,Monday
08-09-2020,2020,September,202009,Sep-20,8,Tuesday
09-09-2020,2020,September,202009,Sep-20,9,Wednesday
10-09-2020,2020,September,202009,Sep-20,10,Thursday
11-09-2020,2020,September,202009,Sep-20,11,Friday
12-09-2020,2020,September,202009,Sep-20,12,Saturday
13-09-2020,2020,September,202009,Sep-20,13,Sunday
14-09-2020,2020,September,202009,Sep-20,14,Monday
15-09-2020,2020,September,202009,Sep-20,15,Tuesday
16-09-2020,2020,September,202009,Sep-20,16,Wednesday
17-09-2020,2020,September,202009,Sep-20,17,Thursday
18-09-2020,2020,September,202009,Sep-20,18,Friday
19-09-2020,2020,September,202009,Sep-20,19,Saturday
20-09-2020,2020,September,202009,Sep-20,20,Sunday
21-09-2020,2020,September,202009,Sep-20,21,Monday
22-09-2020,2020,September,202009,Sep-20,22,Tuesday
23-09-2020,2020,September,202009,Sep-20,23,Wednesday
24-09-2020,2020,September,202009,Sep-20,24,Thursday
25-09-2020,2020,September,202009,Sep-20,25,Friday
26-09-2020,2020,September,202009,Sep-20,26,Saturday
27-09-2020,2020,September,202009,Sep-20,27,Sunday
28-09-2020,2020,September,202009,Sep-20,28,Monday
29-09-2020,2020,September,202009,Sep-20,29,Tuesday
30-09-2020,2020,September,202009,Sep-20,30,Wednesday
01-10-2020,2020,October,202010,Oct-20,1,Thursday
02-10-2020,2020,October,202010,Oct-20,2,Friday
03-10-2020,2020,October,202010,Oct-20,3,Saturday
04-10-2020,2020,October,202010,Oct-20,4,Sunday
05-10-2020,2020,October,202010,Oct-20,5,Monday
06-10-2020,2020,October,202010,Oct-20,6,Tuesday
07-10-2020,2020,October,202010,Oct-20,7,Wednesday
08-10-2020,2020,October,202010,Oct-20,8,Thursday
09-10-2020,2020,October,202010,Oct-20,9,Friday
10-10-2020,2020,October,202010,Oct-20,10,Saturday
11-10-2020,2020,October,202010,Oct-20,11,Sunday
12-10-2020,2020,October,202010,Oct-20,12,Monday
13-10-2020,2020,October,202010,Oct-20,13,Tuesday
14-10-2020,2020,October,202010,Oct-20,14,Wednesday
15-10-2020,2020,October,202010,Oct-20,15,Thursday
16-10-2020,2020,October,202010,Oct-20,16,Friday
17-10-2020,2020,October,202010,Oct-20,17,Saturday
18-10-2020,2020,October,202010,Oct-20,18,Sunday
19-10-2020,2020,October,202010,Oct-20,19,Monday
20-10-2020,2020,October,202010,Oct-20,20,Tuesday
21-10-2020,2020,October,202010,Oct-20,21,Wednesday
22-10-2020,2020,October,202010,Oct-20,22,Thursday
23-10-2020,2020,October,202010,Oct-20,23,Friday
24-10-2020,2020,October,202010,Oct-20,24,Saturday
25-10-2020,2020,October,202010,Oct-20,25,Sunday
26-10-2020,2020,October,202010,Oct-20,26,Monday
27-10-2020,2020,October,202010,Oct-20,27,Tuesday
28-10-2020,2020,October,202010,Oct-20,28,Wednesday
29-10-2020,2020,October,202010,Oct-20,29,Thursday
30-10-2020,2020,October,202010,Oct-20,30,Friday
31-10-2020,2020,October,202010,Oct-20,31,Saturday
01-11-2020,2020,November,202011,Nov-20,1,Sunday
02-11-2020,2020,November,202011,Nov-20,2,Monday
03-11-2020,2020,November,202011,Nov-20,3,Tuesday
04-11-2020,2020,November,202011,Nov-20,4,Wednesday
05-11-2020,2020,November,202011,Nov-20,5,Thursday
06-11-2020,2020,November,202011,Nov-20,6,Friday
07-11-2020,2020,November,202011,Nov-20,7,Saturday
08-11-2020,2020,November,202011,Nov-20,8,Sunday
09-11-2020,2020,November,202011,Nov-20,9,Monday
10-11-2020,2020,November,202011,Nov-20,10,Tuesday
11-11-2020,2020,November,202011,Nov-20,11,Wednesday
12-11-2020,2020,November,202011,Nov-20,12,Thursday
13-11-2020,2020,November,202011,Nov-20,13,Friday
14-11-2020,2020,November,202011,Nov-20,14,Saturday
15-11-2020,2020,November,202011,Nov-20,15,Sunday
16-11-2020,2020,November,202011,Nov-20,16,Monday
17-11-2020,2020,November,202011,Nov-20,17,Tuesday
18-11-2020,2020,November,202011,Nov-20,18,Wednesday
19-11-2020,2020,November,202011,Nov-20,19,Thursday
20-11-2020,2020,November,202011,Nov-20,20,Friday
21-11-2020,2020,November,202011,Nov-20,21,Saturday
22-11-2020,2020,November,202011,Nov-20,22,Sunday
23-11-2020,2020,November,202011,Nov-20,23,Monday
24-11-2020,2020,November,202011,Nov-20,24,Tuesday
25-11-2020,2020,November,202011,Nov-20,25,Wednesday
26-11-2020,2020,November,202011,Nov-20,26,Thursday
27-11-2020,2020,November,202011,Nov-20,27,Friday
28-11-2020,2020,November,202011,Nov-20,28,Saturday
29-11-2020,2020,November,202011,Nov-20,29,Sunday
30-11-2020,2020,November,202011,Nov-20,30,Monday
01-12-2020,2020,December,202012,Dec-20,1,Tuesday
02-12-2020,2020,December,202012,Dec-20,2,Wednesday
03-12-2020,2020,December,202012,Dec-20,3,Thursday
04-12-2020,2020,December,202012,Dec-20,4,Friday
05-12-2020,2020,December,202012,Dec-20,5,Saturday
06-12-2020,2020,December,202012,Dec-20,6,Sunday
07-12-2020,2020,December,202012,Dec-20,7,Monday
08-12-2020,2020,December,202012,Dec-20,8,Tuesday
09-12-2020,2020,December,202012,Dec-20,9,Wednesday
10-12-2020,2020,December,202012,Dec-20,10,Thursday
11-12-2020,2020,December,202012,Dec-20,11,Friday
12-12-2020,2020,December,202012,Dec-20,12,Saturday
13-12-2020,2020,December,202012,Dec-20,13,Sunday
14-12-2020,2020,December,202012,Dec-20,14,Monday
15-12-2020,2020,December,202012,Dec-20,15,Tuesday
16-12-2020,2020,December,202012,Dec-20,16,Wednesday
17-12-2020,2020,December,202012,Dec-20,17,Thursday
18-12-2020,2020,December,202012,Dec-20,18,Friday
19-12-2020,2020,December,202012,Dec-20,19,Saturday
20-12-2020,2020,December,202012,Dec-20,20,Sunday
21-12-2020,2020,December,202012,Dec-20,21,Monday
22-12-2020,2020,December,202012,Dec-20,22,Tuesday
23-12-2020,2020,December,202012,Dec-20,23,Wednesday
24-12-2020,2020,December,202012,Dec-20,24,Thursday
25-12-2020,2020,December,202012,Dec-20,25,Friday
26-12-2020,2020,December,202012,Dec-20,26,Saturday
27-12-2020,2020,December,202012,Dec-20,27,Sunday
28-12-2020,2020,December,202012,Dec-20,28,Monday
29-12-2020,2020,December,202012,Dec-20,29,Tuesday
30-12-2020,2020,December,202012,Dec-20,30,Wednesday
31-12-2020,2020,December,202012,Dec-20,31,Thursday
